{
	"info": {
		"_postman_id": "8f02b56b-724c-44ac-a56e-76e10dbe853b",
		"name": "nodejs-day5",
		"schema": "https://schema.getpostman.com/json/collection/v2.1.0/collection.json"
	},
	"item": [
		{
			"name": "http://localhost:3000/adminDashboard Copy",
			"request": {
				"method": "POST",
				"header": [],
				"body": {
					"mode": "raw",
					"raw": "{\r\n    \"name\":\"rajat\",\r\n    \"address\":\"sddsfsfs fsfd sdfsdsdf\",\r\n    \"shopingItem\":[\"phool\",\"kkk\"],\r\n    \"email\":\"rkrajat16@tcs.com\"\r\n}",
					"options": {
						"raw": {
							"language": "json"
						}
					}
				},
				"url": {
					"raw": "http://localhost:3000/AddOrder",
					"protocol": "http",
					"host": [
						"localhost"
					],
					"port": "3000",
					"path": [
						"AddOrder"
					]
				}
			},
			"response": []
		}
	]
}